Fullname,Email,Salary
Robert Johnson,robertjohnson@company.com,14794
Kelly Hayes,kellyhayes@company.com,12498
Ashley Messenger,ashleymessenger@company.com,19105
Scott Humphrey,scotthumphrey@company.com,15697
Ashleigh Martinez,ashleighmartinez@company.com,15265
Jessie Thompson,jessiethompson@company.com,17335
Rebecca Brown,rebeccabrown@company.com,14774
Roxana Whittman,roxanawhittman@company.com,12656
Robert Schueller,robertschueller@company.com,16700
Tim Woo,timwoo@company.com,10154
Brittany Bloomer,brittanybloomer@company.com,12428
Betty Oconnor,bettyoconnor@company.com,15359
Fred Kerr,fredkerr@company.com,14519
Mary Zimmerman,maryzimmerman@company.com,18043
Rebecca Wrye,rebeccawrye@company.com,17084
Millicent Caretto,millicentcaretto@company.com,13621
Keenan Barroso,keenanbarroso@company.com,12549
Hermina Feria,herminaferia@company.com,14223
Michael Carnes,michaelcarnes@company.com,12659
Billy Brian,billybrian@company.com,17918
Sandra Paquette,sandrapaquette@company.com,17885
Ernestine Thomes,ernestinethomes@company.com,12695
Gary Ledoux,garyledoux@company.com,13864
Eunice Wilkerson,eunicewilkerson@company.com,12925
Robert Mody,robertmody@company.com,16574
Louis Davis,louisdavis@company.com,18139
Josefina Goodin,josefinagoodin@company.com,11202
Victoria Toney,victoriatoney@company.com,12432
Brian Hilchey,brianhilchey@company.com,16954
James Pons,jamespons@company.com,14233
George Bennett,georgebennett@company.com,12916
William Kopka,williamkopka@company.com,13202
William Warwick,williamwarwick@company.com,19429
Jennifer Coffman,jennifercoffman@company.com,14927
Marie Clark,marieclark@company.com,15131
Kevin Hamilton,kevinhamilton@company.com,17928
Kim Melton,kimmelton@company.com,12360
Daniel Nally,danielnally@company.com,19674
Raymond Rodriquez,raymondrodriquez@company.com,14976
Joel Walsh,joelwalsh@company.com,12106
Willie Hardman,williehardman@company.com,16041
Lamar Knutson,lamarknutson@company.com,11664
Virginia Freeman,virginiafreeman@company.com,10229
Shirley Love,shirleylove@company.com,13703
Michael Vaughan,michaelvaughan@company.com,16880
Carmen Jones,carmenjones@company.com,13339
David Sweeney,davidsweeney@company.com,14119
Mary Westbrook,marywestbrook@company.com,15130
Christopher Seanez,christopherseanez@company.com,16356
Douglas Perrotti,douglasperrotti@company.com,12082
Angelo Caldwell,angelocaldwell@company.com,15641
James Brennan,jamesbrennan@company.com,13944
Laurie Myers,lauriemyers@company.com,13631
Felicia Lindgren,felicialindgren@company.com,12405
James Miramontes,jamesmiramontes@company.com,18080
Howard Young,howardyoung@company.com,10077
Earl Peter,earlpeter@company.com,15703
Jeffery Miller,jefferymiller@company.com,14114
Grace Parman,graceparman@company.com,14115
Randall Leslie,randallleslie@company.com,14436
Joseph Berenbaum,josephberenbaum@company.com,12617
Ernest Lough,ernestlough@company.com,15383
Teresa Baker,teresabaker@company.com,18123
Alice Cortez,alicecortez@company.com,16402
Stanley Irving,stanleyirving@company.com,15209
Eva Hammond,evahammond@company.com,14336
Jerry Luker,jerryluker@company.com,17771
Arlene Sierra,arlenesierra@company.com,14236
Shawna Garwood,shawnagarwood@company.com,11693
Dorothy Murray,dorothymurray@company.com,13045
Flora Smidt,florasmidt@company.com,19482
Thomas Eschen,thomaseschen@company.com,13420
Tracy Allen,tracyallen@company.com,19372
Judith Rhodes,judithrhodes@company.com,12384
Michele Casey,michelecasey@company.com,10856
Lee Mayo,leemayo@gmail.com,17095
Alberta Reyes,albertareyes@company.com,13049
Leslie Mayes,lesliemayes@company.com,13324
Myrtle Anderson,myrtleanderson@company.com,10515
Virginia Juul,virginiajuul@company.com,11428
Eddie Garwood,eddiegarwood@company.com,14493
Doreen Camara,doreencamara@company.com,14894
Don Bell,donbell@company.com,15164
William Martinez,williammartinez@company.com,11887
Rachel Johnson,racheljohnson@company.com,10318
Robert Agnew,robertagnew@company.com,11881
Jessie King,jessieking@company.com,14063
Clinton Platt,clintonplatt@company.com,10838
Jarrett Alvarez,jarrettalvarez@company.com,19715
Olivia Jefferson,oliviajefferson@company.com,16772
Robert Priolean,robertpriolean@company.com,15203
Clemente Samson,clementesamson@company.com,14973
Audrey Cousin,audreycousin@company.com,10851
Tammy Ricks,tammyricks@company.com,11304
Keith Taylor,keithtaylor@company.com,10353
Deanna Loftin,deannaloftin@company.com,13317
Ronald Abramowitz,ronaldabramowitz@company.com,17862
Ira Capers,iracapers@company.com,16354
Patty James,pattyjames@company.com,18246
Aimee Watson,aimeewatson@company.com,15021
Sherry Blatt,sherryblatt@company.com,15584
Jamie Bouton,jamiebouton@company.com,11168
Dennis Navarro,dennisnavarro@company.com,15162
Aaron Land,aaronland@company.com,11892
Andrew Jones,andrewjones@company.com,13339
William Ali,williamali@company.com,14209
Jennifer Robinette,jenniferrobinette@company.com,10046
Ruth Lopez,ruthlopez@company.com,10328
Roland Givens,rolandgivens@company.com,11872
Thomas Pahl,thomaspahl@company.com,10382
Jeffrey Spindler,jeffreyspindler@company.com,12440
Antonio Smith,antoniosmith@company.com,14034
Valerie White,valeriewhite@company.com,16591
John Lee,johnlee@company.com,16819
Donald Mandy,donaldmandy@company.com,16553
George Bush,georgebush@company.com,17241
Esther Stockman,estherstockman@company.com,11380
Elaine Johnson,elainejohnson@company.com,10840
Jeanne Leasure,jeanneleasure@company.com,17466
Patricia Curran,patriciacurran@company.com,19432
Mary Jacobs,maryjacobs@company.com,19929
Robert Bauer,robertbauer@company.com,18845
Craig Bowers,craigbowers@company.com,11942
Jennifer Dones,jenniferdones@company.com,14124
Bobby Penatac,bobbypenatac@company.com,16487
Kristie Cerrone,kristiecerrone@company.com,12392
Deborah Brown,deborahbrown@company.com,17783
Mark Twiggs,marktwiggs@company.com,19758
Carlos Jauregui,carlosjauregui@company.com,14192
Arturo Plaisance,arturoplaisance@company.com,17506
Louise Garretson,louisegarretson@company.com,10314
David Menchaca,davidmenchaca@company.com,11186
Paul Bruder,paulbruder@company.com,14142
Edgar Sosa,edgarsosa@company.com,19361
Wilma Malcolm,wilmamalcolm@company.com,16071
Andrea Albright,andreaalbright@company.com,16030
Vicki Kuipers,vickikuipers@company.com,11861
Rodney Michaud,rodneymichaud@company.com,11534
Helen Cessna,helencessna@company.com,13484
Zachary Sims,zacharysims@company.com,18310
Sylvia Vargas,sylviavargas@company.com,12271
Tami Hare,tamihare@company.com,11422
Tina Ascolese,tinaascolese@company.com,12445
Romeo Cook,romeocook@company.com,16637
Elva Hendrix,elvahendrix@company.com,19543
Matthew Delk,matthewdelk@company.com,10848
Elizabeth Baumgardner,elizabethbaumgardner@company.com,16628
Paul Monday,paulmonday@company.com,15423
Bradley Pickard,bradleypickard@company.com,14340
Sean Thompson,seanthompson@company.com,14225
Juan Klingbeil,juanklingbeil@company.com,14581
Shane Rival,shanerival@company.com,16016
Cindy Osbourne,cindyosbourne@company.com,11749
Roslyn Mozie,roslynmozie@company.com,14617
Ana King,anaking@company.com,14880
Richard Walsh,richardwalsh@company.com,14005
Joseph Rowe,josephrowe@company.com,14784
Eleanor Darden,eleanordarden@company.com,14436
Camie Benson,camiebenson@company.com,19579
Lori Brown,loribrown@company.com,11450
Richard Sayles,richardsayles@company.com,18100
Diana Hefferman,dianahefferman@company.com,17309
Mark Wickersham,markwickersham@company.com,19539
Malcolm Mortimer,malcolmmortimer@company.com,10934
Eric Atchley,ericatchley@company.com,16076
Jill Thomas,jillthomas@company.com,12120
William Hamelton,williamhamelton@company.com,12837
Elizabeth Olson,elizabetholson@company.com,16286
Mary Yelverton,maryyelverton@company.com,13351
Sue Alfred,suealfred@company.com,17965
Clarence Gleaton,clarencegleaton@company.com,16466
Andre Strickland,andrestrickland@company.com,12512
Carlos Mitchell,carlosmitchell@company.com,13119
Beatrice Kirschner,beatricekirschner@company.com,10188
Danielle Friedland,daniellefriedland@company.com,18590
Edward Gurney,edwardgurney@company.com,16169
Mary Townsend,marytownsend@company.com,15782
Saundra Fiala,saundrafiala@company.com,12474
Paul Thomas,paulthomas@company.com,13163
Stephanie Volz,stephanievolz@company.com,15684
Keith Thompson,keiththompson@company.com,10034
Larry Newkirk,larrynewkirk@company.com,11408
Frederick Grillo,frederickgrillo@company.com,10438
Michelle Hendrick,michellehendrick@company.com,16342
Cory Enriquez,coryenriquez@company.com,18371
Craig Krueger,craigkrueger@company.com,12224
Pedro Camak,pedrocamak@company.com,12800
Aaron Lyons,aaronlyons@company.com,16795
Deborah Bank,deborahbank@company.com,19257
Tim Osborne,timosborne@company.com,17332
Donna Sokol,donnasokol@company.com,19555
Blake France,blakefrance@company.com,17039
Brett Brown,brettbrown@company.com,16143
Melissa Bates,melissabates@company.com,18176
Patricia Huffman,patriciahuffman@company.com,18810
Paige Rahmani,paigerahmani@company.com,11635
Andrea Collins,andreacollins@company.com,15282
Ralph Cota,ralphcota@company.com,11166
Harry Roquemore,harryroquemore@company.com,17333
Rebecca Revels,rebeccarevels@company.com,15016
Christopher Epperson,christopherepperson@company.com,18721
Kenneth Ross,kennethross@company.com,16696
Nathaniel Cota,nathanielcota@company.com,10985
Kurt Babel,kurtbabel@company.com,13187
Darrell Williams,darrellwilliams@company.com,12459
Joseph Galloway,josephgalloway@company.com,15163
Thomas Dibiase,thomasdibiase@company.com,10495
Goldie Patterson,goldiepatterson@company.com,14094
Dorothy Doucette,dorothydoucette@company.com,11660
Lonnie Gregg,lonniegregg@company.com,17226
James Jones,jamesjones@company.com,10807
Connie Guzman,connieguzman@company.com,19967
Clarence Kistner,clarencekistner@company.com,14961
Robert Carriger,robertcarriger@company.com,11705
Donald Yerkey,donaldyerkey@company.com,11100
Kenda Grossman,kendagrossman@company.com,19086
Elvis Singleton,elvissingleton@company.com,18836
Charles Fagan,charlesfagan@company.com,16803
James Cook,jamescook@company.com,15522
Regina Gunderson,reginagunderson@company.com,15349
Milton Carter,miltoncarter@company.com,18894
Mattie Kawamura,mattiekawamura@company.com,16474
Ruth Montoya,ruthmontoya@company.com,17364
Rosalie Benites,rosaliebenites@company.com,19626
Kristi Mendez,kristimendez@company.com,17749
Matthew Elliott,matthewelliott@company.com,18975
Wynell Williams,wynellwilliams@company.com,11667
Paul Mcfadden,paulmcfadden@company.com,11994
Mary Cruz,marycruz@company.com,13311
Joan Cole,joancole@company.com,15381
Barry Floyd,barryfloyd@company.com,10173
Adrian Wright,adrianwright@company.com,16132
Esperanza Mcdill,esperanzamcdill@company.com,14460
Marlena Newell,marlenanewell@company.com,16037
Cindy Wilcox,cindywilcox@company.com,17127
Robert Gilbert,robertgilbert@company.com,15542
Brett Macek,brettmacek@company.com,12486
Philomena Robbins,philomenarobbins@company.com,15293
Wilbur Green,wilburgreen@company.com,10335
Daniel Morber,danielmorber@company.com,15553
Lorraine Dias,lorrainedias@company.com,16717
Beth Catalan,bethcatalan@company.com,18354
Samuel Gullion,samuelgullion@company.com,15908
Sally Vaughn,sallyvaughn@company.com,18569
Charles Eldred,charleseldred@company.com,13298
Felicia Mcmanus,feliciamcmanus@company.com,15971
Kathy Kearns,kathykearns@company.com,11209
Karen Xie,karenxie@company.com,18506
Steven Cromwell,stevencromwell@company.com,19839
Verna Mcniell,vernamcniell@company.com,11376
Collin Merrill,collinmerrill@company.com,10760
Eric Perry,ericperry@company.com,17989
Tiffany Freeman,tiffanyfreeman@company.com,19076
James Martindale,jamesmartindale@company.com,12129
Jennifer Finklea,jenniferfinklea@company.com,14485
Vera Walker,verawalker@company.com,17500
Rosa Garceau,rosagarceau@company.com,17277
Vanda Henry,vandahenry@company.com,16945
Paul Frazier,paulfrazier@company.com,10252
Ryan Jackson,ryanjackson@company.com,13319
Belva Dinkens,belvadinkens@company.com,12814
Terrence Herold,terrenceherold@company.com,19354
Glenn Sanborn,glennsanborn@company.com,12343
Fabian Young,fabianyoung@company.com,15993
Jacqueline Gordon,jacquelinegordon@company.com,19460
Elaine Villanueva,elainevillanueva@company.com,16661
Samuel Gingras,samuelgingras@company.com,16403
Bonnie Evans,bonnieevans@company.com,14536
Charles Jessop,charlesjessop@company.com,11661
Floyd Vanhorn,floydvanhorn@company.com,10979
Milton Granier,miltongranier@company.com,15260
Hugh Mahabir,hughmahabir@company.com,11881
Robert Wiens,robertwiens@company.com,14648
Marlene Moore,marlenemoore@company.com,13812
James Dion,jamesdion@company.com,15037
Penny Gunderson,pennygunderson@company.com,19066
Gregory Modi,gregorymodi@company.com,18849
Lloyd Fite,lloydfite@company.com,11645
William Capponi,williamcapponi@company.com,10434
Michael Campbell,michaelcampbell@company.com,10762
David Greene,davidgreene@company.com,16501
Leo Brisbon,leobrisbon@company.com,12098
Clifton Greig,cliftongreig@company.com,13191
Stephanie Fuentes,stephaniefuentes@company.com,12805
Clifford Wynn,cliffordwynn@company.com,14231
Walter Kochel,walterkochel@company.com,17844
Michelle Byard,michellebyard@company.com,13448
Victor Lieber,victorlieber@company.com,11782
Thomas Taylor,thomastaylor@company.com,10191
Stephen Stocker,stephenstocker@company.com,19836
David Burns,davidburns@company.com,14339
Greg Caponera,gregcaponera@company.com,14649
Tori Crumpton,toricrumpton@company.com,16370
Susan Guerra,susanguerra@company.com,10869
April Scott,aprilscott@company.com,17461
Charles Kirby,charleskirby@company.com,11848
William Holt,williamholt@company.com,16053
Andrew Butler,andrewbutler@company.com,16621
Bridgette Rose,bridgetterose@company.com,14886
Thomas Gannon,thomasgannon@company.com,10915
Lisa Smith,lisasmith@company.com,17016
Marvin Newkirk,marvinnewkirk@company.com,18639
Alan Sowers,alansowers@company.com,14805
Rodger Starnes,rodgerstarnes@company.com,18233
John Johnson,johnjohnson@company.com,10862
Janice Walker,janicewalker@company.com,19825
Harold Light,haroldlight@company.com,17426
Angela Vanmeter,angelavanmeter@company.com,18523
Katherine Solomon,katherinesolomon@company.com,19631
Philip Smith,philipsmith@company.com,15032
Harold Narcisse,haroldnarcisse@company.com,13760
Maria Mcclain,mariamcclain@company.com,16038
Joseph Herrington,josephherrington@company.com,13423
Norman Hansbrough,normanhansbrough@company.com,14056
Richard Krebbs,richardkrebbs@company.com,17224
Sharon Kingore,sharonkingore@company.com,13009
Lillie Miller,lilliemiller@company.com,14810
Megan Zielonka,meganzielonka@company.com,19549
Steve Herrera,steveherrera@company.com,17957
Allen Fortson,allenfortson@company.com,11095
Dan Toney,dantoney@company.com,14265
Lucille Casey,lucillecasey@company.com,16438
William Casey,williamcasey@company.com,18017
Frank Hamilton,frankhamilton@company.com,13334
Kevin Crosno,kevincrosno@company.com,19114
Amos Wardinsky,amoswardinsky@company.com,15380
Sergio Schoenfeld,sergioschoenfeld@company.com,19102
Kathy Orouke,kathyorouke@company.com,11859
Elizabeth Jones,elizabethjones@company.com,11493
Jeff Gann,jeffgann@company.com,16186
Nicole Oliver,nicoleoliver@company.com,16666
Luis Shaw,luisshaw@company.com,13689
Janis Brown,janisbrown@company.com,16887
Robert Williams,robertwilliams@company.com,17159
Homer Small,homersmall@company.com,10010
Ryan Acevedo,ryanacevedo@company.com,17633
Susie Sclafani,susiesclafani@company.com,11912
Lizeth Bryant,lizethbryant@company.com,13973
Ted Plaisance,tedplaisance@company.com,18064
Dirk Forand,dirkforand@company.com,16359
Robert Hagen,roberthagen@company.com,13677
Mary Boyd,maryboyd@company.com,13024
Brad Dunlop,braddunlop@company.com,13802
David Margeson,davidmargeson@company.com,19196
Joe Gast,joegast@company.com,15094
Peggy Williams,peggywilliams@company.com,19385
Michelle Cushman,michellecushman@company.com,11928
Lisa Layne,lisalayne@company.com,18968
Marguerite Sharrar,margueritesharrar@company.com,14236
Rosemary Hannah,rosemaryhannah@company.com,14248
Wonda Gonzales,wondagonzales@company.com,14191
Annie Wilson,anniewilson@company.com,12502
Charles Breunig,charlesbreunig@company.com,18019
Jamie Greene,jamiegreene@company.com,14306
Jesus Altamirano,jesusaltamirano@company.com,18985
Katherine Holliday,katherineholliday@company.com,13010
Andre Herriman,andreherriman@company.com,18332
Deborah Harley,deborahharley@company.com,14524
Jake Hall,jakehall@company.com,10127
Mark Gray,markgray@company.com,12393
Ricky Mcmillan,rickymcmillan@company.com,14972
Gregory Carrillo,gregorycarrillo@company.com,15648
Jeri Morrison,jerimorrison@company.com,14752
Victoria Phillips,victoriaphillips@company.com,17515
Jean Coley,jeancoley@company.com,16534
Stanley Horne,stanleyhorne@company.com,12419
Geraldine Mccurren,geraldinemccurren@company.com,15355
John Pickens,johnpickens@company.com,17042
Madonna Beitel,madonnabeitel@company.com,19751
Joyce Wilson,joycewilson@company.com,16634
William Schoeck,williamschoeck@company.com,11186
David Moutoux,davidmoutoux@company.com,10823
Efren Oberg,efrenoberg@company.com,15007
Michael Treston,michaeltreston@company.com,13708
Cindy Berney,cindyberney@company.com,11203
Earl Strong,earlstrong@company.com,19941
James Jones,jamesjones@company.com,12931
Kimberly Hamilton,kimberlyhamilton@company.com,18269
Darin Mettler,darinmettler@company.com,10064
John Garcia,johngarcia@company.com,10186
Thomas Witt,thomaswitt@company.com,15213
Phillip Gambles,phillipgambles@company.com,16856
Bertha Clark,berthaclark@company.com,10024
Eugenia Oneil,eugeniaoneil@company.com,17556
Robert Bryant,robertbryant@company.com,10680
Opal Moses,opalmoses@company.com,11234
Conrad Woodcock,conradwoodcock@company.com,12692
Brandy Pack,brandypack@company.com,13411
Paul Tarzia,paultarzia@company.com,17338
Alan Paquette,alanpaquette@company.com,12506
Roy Laudat,roylaudat@company.com,17776
Phyllis Williams,phylliswilliams@company.com,19906
Nola Gollier,nolagollier@company.com,18663
